標題,連結,日期,來源
新光銀行確定bye！新台新明年1月上路 用戶注意4大問題 - news.ebc.net.tw,https://news.google.com/rss/articles/CBMiV0FVX3lxTE00Q3RPdDU2cXpXTVhoYTZlOV8xZ1NxejYwd2FBTDFNcFl6d2dzRHJCNHhHUnJMQTlrLTBfM1VZcHF0Um5jdktLdDZiUzl6MDNLTVhFbVUwUQ?oc=5,"Fri, 21 Aug 2026 07:00:00 GMT",news.ebc.net.tw
第七大！台新銀跟新光銀獲准明年元旦合併金管會將緊盯系統不出包 - Yahoo股市,https://news.google.com/rss/articles/CBMiwwNBVV95cUxOejJkVHBkdnR4V2ZmRkpoSkVsdzZuS3NhaGNFelBiMVZRZzFfOTluQWFTbTMtN0tqSFVWdmlyenVRM0U4azBMZGpING5oMnpyeUNfNnpOQWRwNEIzSlJGUmdtbVdhalF0VkxHbVVvbXpfQmJia2oxSGJFQ0UtX2FneW0wZzVRM2VuOEg0T3dKSkVTZ2xoSjN6WDNUYnRWX3N3OWxXc3EwQTR1RXRzTHJXenQzSzctUW16QThuRnU2YlYzVEhCSzdPOTh3Tmhlc21xc2g3clBiQW5JM0kxd3dKaVUzT0hpVnlEVk1aME1hZWtUTXNLYzlRMW9vZ1l5R29fd0ZrSklHb0NRdENnanhmZndYTmoxQS1FOVlTVDBlWXBlSWhQMVhkOHh3T0Ftd0plWnc5SVNGdnF2OXg4bHVYRjAtcmZ6ZlhGQ3ZWNHB3Yl9VLWRGNUVqWlFnTEVvNXQxNTlzU04wX09uOG1oUlQtX2NVcDhRNXdSbDhZb0Q3ZV81ZVZqcUVFQ2FlcnJzUDlqQXBQRzJvNTczSEhoRmRuQVhTZ3pES2dxUy0zV29CZlhNVjNrTTZ2Q3dDd3J1TDRWV2U0?oc=5,"Tue, 04 Aug 2026 07:00:00 GMT",Yahoo股市
醫院大股東1》台新新光合併意外贏家 竟然是這家醫院！ - 自由財經,https://news.google.com/rss/articles/CBMiX0FVX3lxTFBiekJ5Q3JNVkJoY25Va0hacTBpN3ZZRVBUdk9hU2lVdHRha3JfbU5aRjBBUlliaExVQjlWUnFsS3p6NUtNU3Juc3BJVjNQN2tzdUQtbXhINmltLWN4c2Zj?oc=5,"Sat, 29 Aug 2026 07:00:00 GMT",自由財經
台灣知名銀行被合併退場！「全國103間分行移轉」成立30年走進歷史， 整併改名時間曝 - Storm.mg,https://news.google.com/rss/articles/CBMiUEFVX3lxTE9XdG50WGZkX1VqU0c2TVl2NDJNWm1FNHBKVExoYUp0YXdjZmF1dmJfWEF4bUc2MGVBbGhTNWJOUVZKTVIxbDhRazZSMGlpVzZN?oc=5,"Fri, 04 Sep 2026 07:00:00 GMT",Storm.mg
台新銀、新光銀合併案獲金管會同意！台新銀為存續銀行 合併後資產達4.7兆元 - 財訊,https://news.google.com/rss/articles/CBMie0FVX3lxTE1rZm1OT1ZpaWZKTEY0bnh6YWtMd3JVYnFTZjRKSndMTTVpNjJNLVRWN2wxaVpvVXVhNmhSdV9NSVRObUZpaThoZjQ5NmZLZGpXLUxudmVFbHg4dUE0VUlVX0dleTczbWJkMlFYZi1zZTVVUEVFNEZ4MEZQSQ?oc=5,"Tue, 04 Aug 2026 07:00:00 GMT",財訊
台新新光金合併週年整合邁步總資產逾9兆元| 產經 - 中央社 CNA,https://news.google.com/rss/articles/CBMiXkFVX3lxTFBNSG55RXNza1RYYjR2VjVETDBFVjIyRUlVSmF5ZEt2Tk5OS1l3b2RTRmtyTHFBYTZYQ3RRMTBQcndDZndFUEFjVFI5V0oyamhLYTBWZG9USE45amM5Y3c?oc=5,"Fri, 24 Jul 2026 07:00:00 GMT",中央社 CNA
台新與新光銀明年合併，搶攻高齡防詐商機-財經焦點情報站 - CMoney投資網誌,https://news.google.com/rss/articles/CBMiggFBVV95cUxNd1NqMm51endCcElZcVVYa29DQk9hOVdpamZEVC1jN3h4QlNheC1SbTcwNTZOalZ0X2lzd3J5V19zZmNYUDFRVGxjVmh6RGpLM1kzUUI1bmFYVHM3MTBVWjRHVV96RDRQZGtzWjlvUlc1eDFCcnpGdlk1ZlhaZ1p3TzZ3?oc=5,"Fri, 07 Aug 2026 07:00:00 GMT",CMoney投資網誌
台灣1銀行走入歷史！「103間分行」何去何從？用戶權益一次看 - 三立新聞網SETN.com,https://news.google.com/rss/articles/CBMiS0FVX3lxTE9rQldldElOb3o3WElKYnIxd2N0Vklnd2NTQ1hVYUk1eWdPczNvSEZXZmNLUjFoWHNhZFUyT0IyUGdLdW1oeWZjelJfNA?oc=5,"Wed, 26 Aug 2026 07:00:00 GMT",三立新聞網SETN.com
金管會同意台新、新光2銀行合併 資產將達4.65兆元躍國銀第七大 - news.cnyes.com,https://news.google.com/rss/articles/CBMiT0FVX3lxTFBUa0FyZTE3a0xxZmd1THcxb1hqNC1xY1BkeFBEeHcyTGZFNlhRZEVmNWZ5VGZLanM0TS1CSEZWM1lhV21CanMzS0tyWm9kVkk?oc=5,"Tue, 04 Aug 2026 07:00:00 GMT",news.cnyes.com
台新銀、新光銀明年元旦合併！總座林維俊：下半年展望樂觀 - TechNews 科技新報,https://news.google.com/rss/articles/CBMibkFVX3lxTE9SME9oT1hvLUpLRkpyczB6clpQZDd2RmU0OS1xdlg0R3A2ZG50VmVvQ2h1b3owZ0ZYYV9QNFpDRk1MSC1XcjZpX1JoYkxNMUwwNXBDdzZUS2VTMmMyaVVhS3ZFdGVvNEJNMGFVdExB?oc=5,"Fri, 07 Aug 2026 07:00:00 GMT",TechNews 科技新報
